,,,,,,,,,,,,,,,,,,,,,,,,,,,,,,,,,,,,,,,,
0,,,,,,,,,,,,,,,,,,,,,,,,,,,,,,,,,,,,,,,,
1,0,0,3,MSN05,,,,,,,,Prince William,$,$,$,$,$,$,$,$,$,$,,,$,$,$,$,$,$,$,$,$,$,$,$,,,,$
2,,,,,,,,,,,,,,,,,,,,,,,,,,,,,,,,,,,,,,,,
3,10,10,0,,,,,,,,,,$,$,$,$,,,,,,,,,,,,,,,,,,,,,,,,
4,20,20,0,PWC039,,,,,,,,,$,$,$,$,$,$,$,$,$,$,,,,$,$,$,$,,,,,,,$,,$,,
5,0,0,0,,,,,,,,,,,,,,,,,,,,,,,,,,,,,,,,,,,,,
6,0,0,0,,,,,,,,,,,,,,,,,,,,,,,,,,,,,,,,,,,,,
7,0,0,1,PWE32,,,,,,,,,$,$,$,$,,,,,,,,,,,,,,,,,,,,,,,,
8,0,0,0,,,,,,,,,,,,,,,,,,,,,,,,,,,,,,,,,,,,,
10,15,15,0,PWC09,$,$,$,,,,,,$,$,$,$,,,,,,,,,,,,,,,,,,,,,,,,
11,0,0,0,,,,,,,,,,$,$,$,$,,,,,,$,,,,,,,,,,,,,,,,,,
22,5,5,0,,,,,,,,,,$,,$,$,,,,,,,,,,,,,,,,,,,,,,,,
24,15,15,0,,,,,,,,,,$,$,$,$,,,,,,,,,,,,,,,,,,,,,,,,
25,20,20,,,,,,,,,,,$,$,$,$,,,,,,$,,,,,,,,,,,,,,,,,,
27,,,,PW140,,,,,,,,,$,,$,$,,,,,,,,,,,,,,,,,,,,,,,,
29,0,0,1,,$,$,,$,$,$,$,Manassas Park,$,$,$,$,,,,,,,,,,,,,,,,,,,,,,,,
30,,,,,,,,,,,,,,,$,$,,$,,,,,,,,,,,,,,,,,,,,$,,
31,5,5,,PWW10,,,,,,,,,$,$,$,$,$,$,$,$,$,$,,,,$,$,$,$,,,,,,,,,,,
38,10,10,0,,,,,,,,,,$,$,$,$,,,,,,,,,,,,,,,,,,,,,,,,
41,0,0,0,,,,,$,,,,,$,$,$,$,,,,,,,,,,,,,,,,,,,,,,,,
55,,,,,,,,,,,,,$,$,$,$,,,,,,,,,,,,,,,,,,,,,,,,
57,0,0,0,MSN02,$,,,$,,,$,Manassas,$,$,$,$,$,$,,,,,,,,,,,,,,,,,,,,,,
60,13,13,0,,,,,,,,,,$,$,$,$,,,,,$,,,,,,,,,,,,,,,,,,,
61,0,0,0,MS011,,,,,,,$,,$,$,$,$,$,$,,,,,,,,,,,,,,,,,,,,,,
63,0,0,0,,,,,$,$,$,$,,$,$,$,$,,,,,,,,,,,,,,,,,,,,,,,,
64,0,0,0,,,,,,,,,,$,$,$,$,,,,,,,,,,,,,,,,,,,,,,,,
66,0,0,0,PW018,,,,,,,,,$,$,$,$,$,$,$,$,$,$,,,,$,$,$,$,,,,,,,,,$,,
67,0,0,0,,,,,,$,$,$,,,,$,,$,,,,,,,,,,,,,,,,,,,,,,,
68,0,0,0,PWS01,,,,,,,,,$,$,$,$,,,$,$,,$,,,,,,,,,,,,,,,,,,
69,0,0,0,,,,,,,,,,$,$,$,$,,,,,$,,,,,,,,,,,,,,,,,,,
70,0,0,0,,,,,,,,,,$,$,$,$,,,,,,,,,,,,,,,,,,,,,,,,
71,0,0,3,PW028,,,,,,,,,$,$,$,$,$,,,,,,,,,,,,,,,,,,,,,,,
72,25,25,0,,,,,,,,,,,,,,,,,,,,,,,,,,,,,,,,,,,,,
74,0,0,0,,,,,,,,,,$,$,$,$,$,$,,,,,,,,,,,,,,,,,,,,,,
75,0,0,0,,,,,,,,,,$,$,$,$,,,,,,,,,,,,,,,,,,,,,,,,
76,0,0,0,,,,,,,,,,$,$,$,$,,,,,,,,,,,,,,,,,,,,,$,,,
77,0,0,0,,,,,,,,,,,,,,,,,,,,,,,,,,,,,,,,,,,,,
78,0,0,0,,,,,,,,,,,,,,,,,,,,,,,,,,,,,,,,,,,,,
79,0,0,0,,,,,,,,,,$,,$,,,,,,,,,,,,,,,,,,,,,,,,,
80,0,0,0,,,,,,,$,$,,$,$,$,$,,,,,,,,,,,,,,,,,,,,,,,,
81,0,0,2,N2ORN,,,,,,,,,$,$,$,$,,,,,,,,,,,,,,,,,,,,,,,,
82,0,0,0,,,,,,,,,,,,,,,,,,,,,,,,,,,,,,,,,,,,,
85,,,,,,,,,,,,,,,,,,,,,,,,,,,,,,,,,,,,,,,,$
88,,,,,,,,,,,,,$,$,$,$,,,$,$,,,,,,,,,$,,,,,,,,,,,
90,,,,PWC073,,,,,,,,,$,$,$,$,,,$,$,$,,,,,,$,$,,,,,,,,,,,,
91,,,,FX166,,,,,,,,Fairfax ,$,$,$,$,$,$,$,$,,$,,$,$,$,$,,,,,,,,,,,$,,
98,,,,,,,,,,,,,$,$,$,$,,,,,,,,,,,,,,,,,,,,,,,,
100,,,,,,,,,,,,,$,$,$,$,,,,,$,,,,,,,,,,,,,,,,,,,
102,,,,,,,,,,,,,$,$,$,$,$,$,,,,,,,,$,$,,$,,,,,,,,,,,
103,,,,,,,,,,,,,$,$,$,$,,,,,,$,,,,,,,,,,,,,,,,,,
104,,,,MS021,,,,,,,,,$,$,$,$,,,,,,,,,,,,,,,,,,,,,,,,
111,,,,,,,,,,,,,$,,$,$,,,,,,,,,,,,,,,,,,,,,,,,
115,,,,,,,,,,,,,$,$,$,$,,,$,$,,$,,,,,,,,,,,,,,,,,,
119,,,,,,,,,,,,Manassas Park,$,$,$,$,,,$,$,,,,,,,,,,,,,,,,,,,,
120,,,,,,,,,,,,,$,$,$,$,$,,,,,,,,$,,,$,$,$,$,$,$,$,,,,,,
121,,,,,,,,,,,,,$,$,$,$,$,$,,,,,,$,$,,,,,,,,,,,,,,,
123,,,,,,,,$,,$,$,,$,$,$,$,,,,,,,,,,,,,,,,,,,,,,,,
124,,,,,,,,,,$,,,$,$,$,$,,,,,,,,,,,,,,,,,,,,,,,,
127,,,,,,,,$,,$,$,Manassas,$,$,$,$,$,,,,,,,,,,,,,,,,,,,,,,,
128,,,,,,,,,,,,,$,$,$,$,,,$,$,$,,,,,,,,$,,,,,,,,,,,
129,,,,,,,,$,,$,$,Manassas,$,,$,$,,,,,,,,,,,,,,,,,,,,,,,,
130,,,,,,,,,,,,,,,$,,,,,,,,,,,,,,,,,,,,,,,,,
131,,,,,,,,$,,$,$,,$,,$,,,,,,,,,,,,,,,,,,,,,,,,,
132,,,,,,,,,,,$,,$,$,$,$,$,$,,,,,,,,,,,,,,,,,,,,,,
134,,,,PW139,,,,,,,,,,,,,,,,,,,,,,,,,,,,,,,,,,,,
135,,,,,,,,,,,,,$,$,$,$,,,,,,,,,,,,,,,,,,,,,,,,
137,,,,,,,,,,,,,$,$,$,$,,,,,,,,,,,,,,,,,,,,,,,,
138,,,,,,,,,,,,,,,,,,,,,,,,,,,,,,,,,,,,,,,,
139,,,,,,,,,,,,,,,,,,,,,,,,,,,,,,,,,,,,,,,,